\documentclass[]{article}

\begin{document}

\begin{enumerate}

\item List names of all the languages in the database (sorted alphabetically)
\begin{verbatim}
SELECT name AS language FROM language
ORDER BY name;
\end{verbatim}
\begin{verbatim}
+----------+
| language |
+----------+
| English  |
| French   |
| German   |
| Italian  |
| Japanese |
| Mandarin |
+----------+
6 rows in set (0.00 sec)
\end{verbatim}

\item List full names of actors with "GER" in their last name, ordered by their first name
\begin{verbatim}
SELECT CONCAT(first_name,' ',last_name) AS fullname FROM actor
WHERE last_name LIKE '%GER%'
ORDER BY first_name;
\end{verbatim}
\begin{verbatim}
+-------------------+
| fullname          |
+-------------------+
| CAMERON ZELLWEGER |
| JULIA ZELLWEGER   |
| MICHAEL BOLGER    |
| MINNIE ZELLWEGER  |
| VAL BOLGER        |
| VIVIEN BASINGER   |
+-------------------+
6 rows in set (0.06 sec)
\end{verbatim}

\item Find all the addresses where postal code starts with "57", and return addresses sorted
\begin{verbatim}
SELECT address,postal_code FROM address
WHERE postal_code LIKE '57%'
ORDER BY address;
\end{verbatim}
\begin{verbatim}
+-----------------------------------+-------------+
| address                           | postal_code |
+-----------------------------------+-------------+
| 1029 Dzerzinsk Manor              | 57519       |
| 1061 Ede Avenue                   | 57810       |
| 1287 Xiangfan Boulevard           | 57844       |
| 1309 Weifang Street               | 57338       |
| 1515 Korla Way                    | 57197       |
| 1697 Kowloon and New Kowloon Loop | 57807       |
| 231 Kaliningrad Place             | 57833       |
| 390 Wroclaw Way                   | 5753        |
| 431 Szkesfehrvr Avenue            | 57828       |
| 687 Alessandria Parkway           | 57587       |
| 869 Shikarpur Way                 | 57380       |
+-----------------------------------+-------------+
11 rows in set (0.00 sec)
\end{verbatim}

\item How many films involve a "DWARF" in their titles?
\begin{verbatim}
SELECT COUNT(*) AS DwarfCount FROM film
WHERE title LIKE '%DWARF%';
\end{verbatim}
\begin{verbatim}
+------------+
| DwarfCount |
+------------+
|          2 |
+------------+
1 row in set (0.00 sec)
\end{verbatim}

\item Find full names of actors who played in a film involving ’WAR’ in title and longer than 2.5 hours, along with the title, run length and release year of the movie, sorted by the actors’ last names.
\begin{verbatim}
SELECT CONCAT(first_name,' ',last_name) AS fullname,title,(length/60) AS RunLength,release_year
FROM actor
JOIN film_actor
	ON actor.actor_id = film_actor.actor_id
JOIN film
	ON film_actor.film_id = film.film_id
WHERE title LIKE '%WAR%' AND (length/60) >= 2.6
ORDER BY last_name;
\end{verbatim}
\begin{verbatim}
+-------------------+--------------------+-----------+--------------+
| fullname          | title              | RunLength | release_year |
+-------------------+--------------------+-----------+--------------+
| ANGELINA ASTAIRE  | WARDROBE PHANTOM   |    2.9667 |         2006 |
| RIVER DEAN        | WARDROBE PHANTOM   |    2.9667 |         2006 |
| GREGORY GOODING   | WARDROBE PHANTOM   |    2.9667 |         2006 |
| ADAM GRANT        | GLADIATOR WESTWARD |    2.8833 |         2006 |
| KIRK JOVOVICH     | GLADIATOR WESTWARD |    2.8833 |         2006 |
| KIRK JOVOVICH     | WARDROBE PHANTOM   |    2.9667 |         2006 |
| JULIA MCQUEEN     | GLADIATOR WESTWARD |    2.8833 |         2006 |
| WARREN NOLTE      | WARDROBE PHANTOM   |    2.9667 |         2006 |
| JAYNE SILVERSTONE | GLADIATOR WESTWARD |    2.8833 |         2006 |
| IAN TANDY         | GLADIATOR WESTWARD |    2.8833 |         2006 |
| THORA TEMPLE      | WARDROBE PHANTOM   |    2.9667 |         2006 |
| WALTER TORN       | WARDROBE PHANTOM   |    2.9667 |         2006 |
| NICK WAHLBERG     | WARDROBE PHANTOM   |    2.9667 |         2006 |
| CAMERON ZELLWEGER | GLADIATOR WESTWARD |    2.8833 |         2006 |
+-------------------+--------------------+-----------+--------------+
14 rows in set (0.00 sec)
\end{verbatim}

\item Find all the film categories in which there are between 55 and 65 films. Return the names of these categories and the number of films per category, sorted by the number of films descending.
\begin{verbatim}
SELECT name AS Category,COUNT(*) AS CategoryFilms
FROM category
JOIN film_category
	ON category.category_id = film_category.category_id
JOIN film
	ON film_category.film_id = film.film_id
GROUP BY Category
HAVING COUNT(*) BETWEEN 55 AND 65
ORDER BY CategoryFilms DESC;
\end{verbatim}
\begin{verbatim}
+----------+---------------+
| Category | CategoryFilms |
+----------+---------------+
| Action   |            64 |
| New      |            63 |
| Drama    |            62 |
| Sci-Fi   |            61 |
| Games    |            61 |
| Children |            60 |
| Comedy   |            58 |
| Travel   |            57 |
| Classics |            57 |
| Horror   |            56 |
+----------+---------------+
10 rows in set (0.11 sec)
\end{verbatim}

\item In how many film categories is the average difference between the film replacement cost and the rental rate larger
than 17?
\begin{verbatim}
SELECT COUNT(*) AS CategoryFilmsCount
FROM
	( 
	SELECT AVG(replacement_cost-rental_rate) AS AverageDiff
	FROM film_category
	JOIN film
		ON film_category.film_id = film.film_id
	GROUP BY category_id
	HAVING AverageDiff >= 18
	)AS temp_table;
\end{verbatim}
\begin{verbatim}
+--------------------+
| CategoryFilmsCount |
+--------------------+
|                  3 |
+--------------------+
1 row in set (0.00 sec)
\end{verbatim}

\item Find the address district(s) name(s) such that the minimal postal code in the district(s) is maximal over all the
districts. Make sure your query ignores empty postal codes and district names.
\begin{verbatim}
SELECT district,MinimalCode AS PostalCode FROM
	( 
	SELECT district,MIN(postal_code) AS MinimalCode FROM address
	WHERE district IS NOT NULL AND postal_code IS NOT NULL
	GROUP BY district
	)AS temp_table
ORDER BY PostalCode DESC LIMIT 0,1;
\end{verbatim}
\begin{verbatim}
+----------+------------+
| district | PostalCode |
+----------+------------+
| Crdoba   | 99865      |
+----------+------------+
1 row in set (0.00 sec)
\end{verbatim}

\item Find the names (first and last) of all the actors and customers whose first name is the same as the first name of the actor with ID 101 (exclude the actor with ID 101).
\begin{verbatim}
SELECT CONCAT(first_name,' ',last_name) AS fullname FROM customer
WHERE first_name =
	(
		SELECT first_name FROM actor
		WHERE actor_id = 101
	)
UNION
SELECT CONCAT(first_name,' ',last_name) AS fullname FROM actor
WHERE actor_id != 101 AND first_name =
	(
		SELECT first_name FROM actor
		WHERE actor_id = 101
	);
\end{verbatim}
\begin{verbatim}
+--------------+
| fullname     |
+--------------+
| SUSAN WILSON |
| SUSAN DAVIS  |
+--------------+
2 rows in set (0.00 sec)
\end{verbatim}

\end{enumerate}

\end{document}